Abkhazia	Europe	GreaterEuropean,EastEuropean
Abkhaz	Europe	GreaterEuropean,EastEuropean
Abkhazian	Europe	GreaterEuropean,EastEuropean
Afghanistan	Muslim	GreaterAfrican,Muslim
Afghan	Muslim	GreaterAfrican,Muslim
Åland Islands	Europe	GreaterEuropean,WestEuropean,Nordic
Åland Island	Europe	GreaterEuropean,WestEuropean,Nordic
Albania	Europe	GreaterEuropean,EastEuropean
Albanian	Europe	GreaterEuropean,EastEuropean
Algeria	Muslim	GreaterAfrican,Muslim
Algerian	Muslim	GreaterAfrican,Muslim
American Samoa	Pacific	New,Pacific
American Samoan	Pacific	New,Pacific
Andorra	Europe	GreaterEuropean,WestEuropean,French
Andorran	Europe	GreaterEuropean,WestEuropean,French
Angola	Africa	GreaterAfrican,Africans
Angolan	Africa	GreaterAfrican,Africans
Anguilla	North America	New,Caribbean
Anguillan	North America	New,Caribbean
Antarctica	Other	New, Other
Antarctic	Other	New, Other
Antigua and Barbuda	North America	New,Caribbean
Antiguan	North America	New,Caribbean
Barbudan	North America	New,Caribbean
Argentina	Hispanic	GreaterEuropean,WestEuropean,Hispanic
Argentine	Hispanic	GreaterEuropean,WestEuropean,Hispanic
Argentinian	Hispanic	GreaterEuropean,WestEuropean,Hispanic
Armenia	Europe	GreaterEuropean,EastEuropean
Armenian	Europe	GreaterEuropean,EastEuropean
Aruba	North America	New,Caribbean
Aruban	North America	New,Caribbean
Australia	Pacific	GreaterEuropean,British
Australian	Pacific	GreaterEuropean,British
Austria	Europe	GreaterEuropean,WestEuropean,Germanic
Austrian	Europe	GreaterEuropean,WestEuropean,Germanic
Azerbaijan	Europe	GreaterEuropean,EastEuropean
Azerbaijani	Europe	GreaterEuropean,EastEuropean
Azeri	Europe	GreaterEuropean,EastEuropean
Bahamas	North America	New,Caribbean
Bahamian	North America	New,Caribbean
Bahrain	Muslim	GreaterAfrican,Muslim
Bahraini	Muslim	GreaterAfrican,Muslim
Bangladesh	Asia	Asian,IndianSubContinent
Bangladeshi	Asia	Asian,IndianSubContinent
Barbados	North America	New,Caribbean
Barbadian	North America	New,Caribbean
Belarus	Europe	GreaterEuropean,EastEuropean
Belarusian	Europe	GreaterEuropean,EastEuropean
Belgium	Europe	GreaterEuropean,WestEuropean,French
Belgian	Europe	GreaterEuropean,WestEuropean,French
Belize	North America	New,Caribbean
Belizean	North America	New,Caribbean
Benin	Africa	GreaterAfrican,Africans
Beninese	Africa	GreaterAfrican,Africans
Beninois	Africa	GreaterAfrican,Africans
Bermuda	North America	New,Caribbean
Bermudian	North America	New,Caribbean
Bermudan	North America	New,Caribbean
Bhutan	Asia	Asian,IndianSubContinent
Bhutanese	Asia	Asian,IndianSubContinent
Bhutanese	Asia	Asian,IndianSubContinent
Bolivia	Hispanic	GreaterEuropean,WestEuropean,Hispanic
Bolivian	Hispanic	GreaterEuropean,WestEuropean,Hispanic
Bonaire	North America	New,Caribbean
Bosnia and Herzegovina	Europe	GreaterEuropean,EastEuropean
Bosnian	Europe	GreaterEuropean,EastEuropean
Herzegovinian	Europe	GreaterEuropean,EastEuropean
Botswana	Africa	GreaterAfrican,Africans
Motswana	Africa	GreaterAfrican,Africans
Botswanan	Africa	GreaterAfrican,Africans
Batswana	Africa	GreaterAfrican,Africans
Bouvet Island	Other	New, Other
Bouvet Islander	Other	New, Other
Brazil	Hispanic	GreaterEuropean,WestEuropean,Hispanic
Brazilian	Hispanic	GreaterEuropean,WestEuropean,Hispanic
British Indian Ocean Territory	Europe	GreaterEuropean,British
BIOT	Europe	GreaterEuropean,British
British	Europe	GreaterEuropean,British
Brunei	Asia	Asian,GreaterEastAsian,EastAsian
Bruneian	Asia	Asian,GreaterEastAsian,EastAsian
Bulgaria	Europe	GreaterEuropean,EastEuropean
Bulgarian	Europe	GreaterEuropean,EastEuropean
Burkina Faso	Africa	GreaterAfrican,Africans
Burkinabé	Africa	GreaterAfrican,Africans
Burkinabè/Burkinabé	Africa	GreaterAfrican,Africans
Burma	Asia	Asian,GreaterEastAsian,EastAsian
Burmese	Asia	Asian,GreaterEastAsian,EastAsian
Bamar	Asia	Asian,GreaterEastAsian,EastAsian
Burundi	Africa	GreaterAfrican,Africans
Burundian	Africa	GreaterAfrican,Africans
Barundi	Africa	GreaterAfrican,Africans
Cabo Verde	Africa	GreaterAfrican,Africans
Cabo Verdean	Africa	GreaterAfrican,Africans
Cambodia	Asia	Asian,GreaterEastAsian,EastAsian
Cambodian	Asia	Asian,GreaterEastAsian,EastAsian
Cameroon	Africa	GreaterAfrican,Africans
Cameroonian	Africa	GreaterAfrican,Africans
Canada	North American	GreaterEuropean,British
Canadian	North American	GreaterEuropean,British
Cayman Islands	North American	New,Caribbean
Caymanian	North American	New,Caribbean
Central Africa Republic	Africa	GreaterAfrican,Africans
Central Africa	Africa	GreaterAfrican,Africans
Chad	Africa	GreaterAfrican,Africans
Chadian	Africa	GreaterAfrican,Africans
Chile	Hispanic	GreaterEuropean,WestEuropean,Hispanic
Chilean	Hispanic	GreaterEuropean,WestEuropean,Hispanic
China	Asia	Asian,GreaterEastAsian,EastAsian
Chinese	Asia	Asian,GreaterEastAsian,EastAsian
China	Asia	Asian,GreaterEastAsian,EastAsian
Taiwanese	Asia	Asian,GreaterEastAsian,EastAsian
Formosan	Asia	Asian,GreaterEastAsian,EastAsian
Christmas Island	Asia	Asian,GreaterEastAsian,EastAsian
Christmas Islanders	Asia	Asian,GreaterEastAsian,EastAsian
Cocos (Keeling) Islands	Asia	Asian,GreaterEastAsian,EastAsian
Cocos Island	Asia	Asian,GreaterEastAsian,EastAsian
Colombia	Hispanic	GreaterEuropean,WestEuropean,Hispanic
Colombian	Hispanic	GreaterEuropean,WestEuropean,Hispanic
Comoros	Muslim	GreaterAfrican,Muslim
Comoran	Muslim	GreaterAfrican,Muslim
Comorian	Muslim	GreaterAfrican,Muslim
Democratic Republic of the Congo	Africa	GreaterAfrican,Africans
Congolese	Africa	GreaterAfrican,Africans
Congo	Africa	GreaterAfrican,Africans
Republic of the Congo	Africa	GreaterAfrican,Africans
Cook Islands	Pacific	New,Pacific
Cook Island	Pacific	New,Pacific
Costa Rica	Hispanic	GreaterEuropean,WestEuropean,Hispanic
Costa Rican	Hispanic	GreaterEuropean,WestEuropean,Hispanic
Croatia	Europe	GreaterEuropean,EastEuropean
Croatian	Europe	GreaterEuropean,EastEuropean
Croats	Europe	GreaterEuropean,EastEuropean
Cuba	Hispanic	GreaterEuropean,WestEuropean,Hispanic
Cuban	Hispanic	GreaterEuropean,WestEuropean,Hispanic
Curaçao	Hispanic	GreaterEuropean,WestEuropean,Hispanic
Curaçaoan	Hispanic	GreaterEuropean,WestEuropean,Hispanic
Cyprus	Europe	GreaterEuropean,WestEuropean,Italian
Cypriot	Europe	GreaterEuropean,WestEuropean,Italian
Czech Republic	Europe	GreaterEuropean,EastEuropean
Czech	Europe	GreaterEuropean,EastEuropean
Denmark	Europe	GreaterEuropean,WestEuropean,Nordic
Danish	Europe	GreaterEuropean,WestEuropean,Nordic
Djibouti	Muslim	GreaterAfrican,Muslim
Djiboutian	Muslim	GreaterAfrican,Muslim
Dominica	North America	New,Caribbean
Dominican	Hispanic	GreaterEuropean,WestEuropean,Hispanic
Dominicans	Hispanic	GreaterEuropean,WestEuropean,Hispanic
Dominican Republic	Hispanic	GreaterEuropean,WestEuropean,Hispanic
Dominican	Hispanic	GreaterEuropean,WestEuropean,Hispanic
Dominicans	Hispanic	GreaterEuropean,WestEuropean,Hispanic
East Timor	Asia	Asian,GreaterEastAsian,EastAsian
Timorese	Asia	Asian,GreaterEastAsian,EastAsian
Ecuador	Hispanic	GreaterEuropean,WestEuropean,Hispanic
Ecuadorian	Hispanic	GreaterEuropean,WestEuropean,Hispanic
Egypt	Muslim	GreaterAfrican,Muslim
Egyptian	Muslim	GreaterAfrican,Muslim
El Salvador	Hispanic	GreaterEuropean,WestEuropean,Hispanic
Salvadoran	Hispanic	GreaterEuropean,WestEuropean,Hispanic
England	Europe	GreaterEuropean,British
English	Europe	GreaterEuropean,British
Equatorial Guinea	Africa	GreaterAfrican,Africans
Equatorial Guinean	Africa	GreaterAfrican,Africans
Equatoguinean	Africa	GreaterAfrican,Africans
Eritrea	Muslim	GreaterAfrican,Muslim
Eritrean	Muslim	GreaterAfrican,Muslim
Estonia	Europe	GreaterEuropean,EastEuropean
Estonian	Europe	GreaterEuropean,EastEuropean
Eswatini (Swaziland)	Africa	GreaterAfrican,Africans
Swazi	Africa	GreaterAfrican,Africans
Swati	Africa	GreaterAfrican,Africans
Ethiopia	Africa	GreaterAfrican,Africans
Ethiopian	Africa	GreaterAfrican,Africans
Habesha	Africa	GreaterAfrican,Africans
European Union	Europe	GreaterEuropean,EastEuropean
Europe	Europe	GreaterEuropean,EastEuropean
Europeans	Europe	GreaterEuropean,EastEuropean
Falkland Islands	Hispanic	GreaterEuropean,WestEuropean,Hispanic
Falkland Island	Hispanic	GreaterEuropean,WestEuropean,Hispanic
Faroe Islands	Europe	GreaterEuropean,WestEuropean,Nordic
Faroese	Europe	GreaterEuropean,WestEuropean,Nordic
Fiji	Pacific	New,Pacific
Fijian	Pacific	New,Pacific
Finland	Europe	GreaterEuropean,WestEuropean,Nordic
Finnish	Europe	GreaterEuropean,WestEuropean,Nordic
France	Europe	GreaterEuropean,WestEuropean,French
French	Europe	GreaterEuropean,WestEuropean,French
French Guiana	Hispanic	GreaterEuropean,WestEuropean,Hispanic
French Guianese	Hispanic	GreaterEuropean,WestEuropean,Hispanic
French Polynesia	Pacific	New,Pacific
French Polynesian	Pacific	New,Pacific
French Southern Territories	Africa	GreaterAfrican,Africans
French	Europe	GreaterEuropean,WestEuropean,French
Gabon	Africa	GreaterAfrican,Africans
Gabonese	Africa	GreaterAfrican,Africans
Gabonaise	Africa	GreaterAfrican,Africans
Gambia	Africa	GreaterAfrican,Africans
Gambian	Africa	GreaterAfrican,Africans
Gambians	Africa	GreaterAfrican,Africans
Georgia	Europe	GreaterEuropean,EastEuropean
Georgian	Europe	GreaterEuropean,EastEuropean
Germany	Europe	GreaterEuropean,WestEuropean,Germanic
German	Europe	GreaterEuropean,WestEuropean,Germanic
Ghana	Africa	GreaterAfrican,Africans
Ghanaian	Africa	GreaterAfrican,Africans
Gibraltar	Europe	GreaterEuropean,British
Gibraltarian	Europe	GreaterEuropean,British
Greece	Europe	GreaterEuropean,WestEuropean,Italian
Greek	Europe	GreaterEuropean,WestEuropean,Italian
Greenland	Europe	GreaterEuropean,WestEuropean,Nordic
Greenlandic	Europe	GreaterEuropean,WestEuropean,Nordic
Grenada	North America	New,Caribbean
Grenadian	North America	New,Caribbean
Guadeloupe	North America	New,Caribbean
Guadeloupians	North America	New,Caribbean
Guadeloupeans	North America	New,Caribbean
Guam	Asia	Asian,GreaterEastAsian,EastAsian
Guamanian	Asia	Asian,GreaterEastAsian,EastAsian
Guatemala	Hispanic	GreaterEuropean,WestEuropean,Hispanic
Guatemalan	Hispanic	GreaterEuropean,WestEuropean,Hispanic
Guernsey	Europe	GreaterEuropean,British
Channel Island	Europe	GreaterEuropean,British
Channel Islanders	Europe	GreaterEuropean,British
Guinea	Africa	GreaterAfrican,Africans
Guinean	Africa	GreaterAfrican,Africans
Guinea-Bissau	Africa	GreaterAfrican,Africans
Bissau-Guinean	Africa	GreaterAfrican,Africans
Guyana	Hispanic	GreaterEuropean,WestEuropean,Hispanic
Guyanese	Hispanic	GreaterEuropean,WestEuropean,Hispanic
Guyanese	Hispanic	GreaterEuropean,WestEuropean,Hispanic
Haiti	North America	GreaterEuropean,WestEuropean,French
Haitian	North America	GreaterEuropean,WestEuropean,French
Heard Island and McDonald Islands	Pacific	New,Pacific
Heard Island	Pacific	New,Pacific
McDonald Islands	Pacific	New,Pacific
Heard Islanders	Pacific	New,Pacific
McDonald Islander	Pacific	New,Pacific
Honduras	Hispanic	GreaterEuropean,WestEuropean,Hispanic
Honduran	Hispanic	GreaterEuropean,WestEuropean,Hispanic
Hondurans	Hispanic	GreaterEuropean,WestEuropean,Hispanic
Hong Kong	Asia	Asian,GreaterEastAsian,EastAsian
Cantonese	Asia	Asian,GreaterEastAsian,EastAsian
Hong Konger	Asia	Asian,GreaterEastAsian,EastAsian
Hongkongers	Asia	Asian,GreaterEastAsian,EastAsian
Hong Kongese	Asia	Asian,GreaterEastAsian,EastAsian
Hungary	Europe	GreaterEuropean,EastEuropean
Hungarian	Europe	GreaterEuropean,EastEuropean
Magyar	Europe	GreaterEuropean,EastEuropean
Iceland	Europe	GreaterEuropean,WestEuropean,Nordic
Icelandic	Europe	GreaterEuropean,WestEuropean,Nordic
Icelander	Europe	GreaterEuropean,WestEuropean,Nordic
India	Asia	Asian,IndianSubContinent
Indian	Asia	Asian,IndianSubContinent
Indonesia	Asia	Asian,GreaterEastAsian,EastAsian
Indonesian	Asia	Asian,GreaterEastAsian,EastAsian
Iran	Muslim	GreaterAfrican,Muslim
Iranian	Muslim	GreaterAfrican,Muslim
Persian	Muslim	GreaterAfrican,Muslim
Iraq	Muslim	GreaterAfrican,Muslim
Iraqi	Muslim	GreaterAfrican,Muslim
Ireland	Europe	GreaterEuropean,British
Irish	Europe	GreaterEuropean,British
Isle of Man	Europe	GreaterEuropean,British
Manx	Europe	GreaterEuropean,British
Manx	Europe	GreaterEuropean,British
Israel	Israeli	GreaterEuropean,Jewish
Israeli	Israeli	GreaterEuropean,Jewish
Italy	Europe	GreaterEuropean,WestEuropean,Italian
Italian	Europe	GreaterEuropean,WestEuropean,Italian
Ivory Coast	Africa	GreaterAfrican,Africans
Ivorian	Africa	GreaterAfrican,Africans
Jamaica	North America	GreaterEuropean,British
Jamaican	North America	GreaterEuropean,British
Jan Mayen	Europe	GreaterEuropean,WestEuropean,Nordic
Jan Mayen	Europe	GreaterEuropean,WestEuropean,Nordic
Jan Mayen residents	Europe	GreaterEuropean,WestEuropean,Nordic
Japan	Asia	Asian,GreaterEastAsian,Japanese
Japanese	Asia	Asian,GreaterEastAsian,Japanese
Jersey	Europe	GreaterEuropean,British
Channel Island	Europe	GreaterEuropean,British
Channel Islanders	Europe	GreaterEuropean,British
Jordan	Muslim	GreaterAfrican,Muslim
Jordanian	Muslim	GreaterAfrican,Muslim
Kazakhstan	Muslim	GreaterAfrican,Muslim
Kazakhstani	Muslim	GreaterAfrican,Muslim
Kazakh	Muslim	GreaterAfrican,Muslim
Kenya	Africa	GreaterAfrican,Africans
Kenyan	Africa	GreaterAfrican,Africans
Kiribati	Pacific	New,Pacific
I-Kiribati	Pacific	New,Pacific
Korean	Asia	Asian,GreaterEastAsian,EastAsian
North Korea	Asia	Asian,GreaterEastAsian,EastAsian
South Korea	Asia	Asian,GreaterEastAsian,EastAsian
North Korean	Asia	Asian,GreaterEastAsian,EastAsian
South Korean	Asia	Asian,GreaterEastAsian,EastAsian
Kosovo	Europe	GreaterEuropean,EastEuropean
Kosovar	Europe	GreaterEuropean,EastEuropean
Kosovan	Europe	GreaterEuropean,EastEuropean
Kuwait	Muslim	GreaterAfrican,Muslim
Kuwaiti	Muslim	GreaterAfrican,Muslim
Kyrgyzstan	Muslim	GreaterAfrican,Muslim
Kyrgyzstani	Muslim	GreaterAfrican,Muslim
Kyrgyz	Muslim	GreaterAfrican,Muslim
Kirgiz	Muslim	GreaterAfrican,Muslim
Kirghiz	Muslim	GreaterAfrican,Muslim
Lao People's Democratic Republic	Asia	Asian,GreaterEastAsian,EastAsian
Lao	Asia	Asian,GreaterEastAsian,EastAsian
Laotian	Asia	Asian,GreaterEastAsian,EastAsian
Laos	Asia	Asian,GreaterEastAsian,EastAsian
Latvia	Europe	GreaterEuropean,EastEuropean
Latvian	Europe	GreaterEuropean,EastEuropean
Lettish	Europe	GreaterEuropean,EastEuropean
Lebanon	Muslim	GreaterAfrican,Muslim
Lebanese	Muslim	GreaterAfrican,Muslim
Lesotho	Africa	GreaterAfrican,Africans
Basotho	Africa	GreaterAfrican,Africans
Liberia	Africa	GreaterAfrican,Africans
Liberian	Africa	GreaterAfrican,Africans
Libya	Muslim	GreaterAfrican,Muslim
Libyan	Muslim	GreaterAfrican,Muslim
Liechtenstein	Europe	GreaterEuropean,WestEuropean,Germanic
Liechtensteiner	Europe	GreaterEuropean,WestEuropean,Germanic
Lithuania	Europe	GreaterEuropean,EastEuropean
Lithuanian	Europe	GreaterEuropean,EastEuropean
Luxembourg	Europe	GreaterEuropean,WestEuropean,French
Luxembourgish	Europe	GreaterEuropean,WestEuropean,French
Luxembourger	Europe	GreaterEuropean,WestEuropean,French
Macau	Asia	Asian,GreaterEastAsian,EastAsian
Macanese	Asia	Asian,GreaterEastAsian,EastAsian
Macedonia	Europe	GreaterEuropean,EastEuropean
Macedonian	Europe	GreaterEuropean,EastEuropean
Madagascar	Africa	GreaterAfrican,Africans
Malagasy	Africa	GreaterAfrican,Africans
Malawi	Africa	GreaterAfrican,Africans
Malawian	Africa	GreaterAfrican,Africans
Malaysia	Asia	Asian,GreaterEastAsian,EastAsian
Malaysian	Asia	Asian,GreaterEastAsian,EastAsian
Maldives	Asia	Asian,IndianSubContinent
Maldivian	Asia	Asian,IndianSubContinent
Mali	Africa	GreaterAfrican,Africans
Malian	Africa	GreaterAfrican,Africans
Malinese	Africa	GreaterAfrican,Africans
Malta	Europe	GreaterEuropean,EastEuropean
Maltese	Europe	GreaterEuropean,EastEuropean
Maltese	Europe	GreaterEuropean,EastEuropean
Marshall Islands	Pacific	New,Pacific
Marshallese	Pacific	New,Pacific
Martinique	North America	New,Caribbean
Martiniquais	North America	New,Caribbean
Martinican	North America	New,Caribbean
Martiniquaises	North America	New,Caribbean
Mauritania	Africa	GreaterAfrican,Africans
Mauritanian	Africa	GreaterAfrican,Africans
Mauritius	Africa	GreaterAfrican,Africans
Mauritian	Africa	GreaterAfrican,Africans
Mayotte	Africa	GreaterAfrican,Africans
Mahoran	Africa	GreaterAfrican,Africans
Mexico	Hispanic	GreaterEuropean,WestEuropean,Hispanic
Mexican	Hispanic	GreaterEuropean,WestEuropean,Hispanic
Micronesia	Pacific	New,Pacific
Micronesian	Pacific	New,Pacific
Moldova	Europe	GreaterEuropean,EastEuropean
Moldovan	Europe	GreaterEuropean,EastEuropean
Monaco	Europe	GreaterEuropean,WestEuropean,French
Monégasque	Europe	GreaterEuropean,WestEuropean,French
Monacan	Europe	GreaterEuropean,WestEuropean,French
Mongolia	Asia	Asian,GreaterEastAsian,EastAsian
Mongolian	Asia	Asian,GreaterEastAsian,EastAsian
Mongol	Asia	Asian,GreaterEastAsian,EastAsian
Montenegro	Europe	GreaterEuropean,EastEuropean
Montenegrin	Europe	GreaterEuropean,EastEuropean
Montserrat	North America	GreaterEuropean,British
Montserratian	North America	GreaterEuropean,British
Morocco	Muslim	GreaterAfrican,Muslim
Moroccan	Muslim	GreaterAfrican,Muslim
Mozambique	Africa	GreaterAfrican,Africans
Mozambican	Africa	GreaterAfrican,Africans
Myanmar	Asia	Asian,GreaterEastAsian,EastAsian
Burmese	Asia	Asian,GreaterEastAsian,EastAsian
Bamar	Asia	Asian,GreaterEastAsian,EastAsian
Namibia	Africa	GreaterAfrican,Africans
Namibian	Africa	GreaterAfrican,Africans
Nauru	Pacific	New,Pacific
Nauruan	Pacific	New,Pacific
Nepal	Asia	Asian,IndianSubContinent
Nepali	Asia	Asian,IndianSubContinent
Nepalese	Asia	Asian,IndianSubContinent
Netherlands	Europe	GreaterEuropean,WestEuropean,Germanic
Dutch	Europe	GreaterEuropean,WestEuropean,Germanic
Netherlandic	Europe	GreaterEuropean,WestEuropean,Germanic
New Caledonia	Pacific	GreaterEuropean,British
New Caledonian	Pacific	GreaterEuropean,British
New Zealand	Pacific	GreaterEuropean,British
New Zealandic	Pacific	GreaterEuropean,British
New Zealander	Pacific	GreaterEuropean,British
Nicaragua	Hispanic	GreaterEuropean,WestEuropean,Hispanic
Nicaraguan	Hispanic	GreaterEuropean,WestEuropean,Hispanic
Niger	Africa	GreaterAfrican,Africans
Nigerien	Africa	GreaterAfrican,Africans
Nigeria	Africa	GreaterAfrican,Africans
Nigerian	Africa	GreaterAfrican,Africans
Niue	Pacific	New,Pacific
Niuean	Pacific	New,Pacific
Norfolk Island	Pacific	New,Pacific
Norfolk Islanders	Pacific	New,Pacific
Northern Ireland	Europe	GreaterEuropean,British
Northern Irish	Europe	GreaterEuropean,British
Northern Mariana Islands	Pacific	New,Pacific
Northern Marianan	Pacific	New,Pacific
Norway	Europe	GreaterEuropean,WestEuropean,Nordic
Norwegian	Europe	GreaterEuropean,WestEuropean,Nordic
Oman	Muslim	GreaterAfrican,Muslim
Omani	Muslim	GreaterAfrican,Muslim
Pakistan	Muslim	GreaterAfrican,Muslim
Pakistani	Muslim	GreaterAfrican,Muslim
Palau	Pacific	New,Pacific
Palauan	Pacific	New,Pacific
Palestine	Muslim	GreaterAfrican,Muslim
Palestinian	Muslim	GreaterAfrican,Muslim
Panama	Hispanic	GreaterEuropean,WestEuropean,Hispanic
Panamanian	Hispanic	GreaterEuropean,WestEuropean,Hispanic
Papua New Guinea	Asia	Asian,GreaterEastAsian,EastAsian
Papua New Guinean	Asia	Asian,GreaterEastAsian,EastAsian
Paraguay	Hispanic	GreaterEuropean,WestEuropean,Hispanic
Paraguayan	Hispanic	GreaterEuropean,WestEuropean,Hispanic
Peru	Hispanic	GreaterEuropean,WestEuropean,Hispanic
Peruvian	Hispanic	GreaterEuropean,WestEuropean,Hispanic
Philippines	Asia	Asian,GreaterEastAsian,EastAsian
Philippine	Asia	Asian,GreaterEastAsian,EastAsian
Filipino	Asia	Asian,GreaterEastAsian,EastAsian
Filipina	Asia	Asian,GreaterEastAsian,EastAsian
Pitcairn Islands	Pacific	New,Pacific
Pitcairn Island	Pacific	New,Pacific
Pitcairn Islander	Pacific	New,Pacific
Poland	Europe	GreaterEuropean,EastEuropean
Polish	Europe	GreaterEuropean,EastEuropean
Portugal	Europe	GreaterEuropean,WestEuropean,Hispanic
Portuguese	Europe	GreaterEuropean,WestEuropean,Hispanic
Puerto Rico	Hispanic	GreaterEuropean,WestEuropean,Hispanic
Puerto Rican	Hispanic	GreaterEuropean,WestEuropean,Hispanic
Qatar	Muslim	GreaterAfrican,Muslim
Qatari	Muslim	GreaterAfrican,Muslim
Réunion	Africa	GreaterAfrican,Africans
Réunionese	Africa	GreaterAfrican,Africans
Réunionnais	Africa	GreaterAfrican,Africans
Romania	Europe	GreaterEuropean,EastEuropean
Romanian	Europe	GreaterEuropean,EastEuropean
Russia	Europe	GreaterEuropean,EastEuropean
Russian	Europe	GreaterEuropean,EastEuropean
Rwanda	Africa	GreaterAfrican,Africans
Rwandan	Africa	GreaterAfrican,Africans
Banyarwanda	Africa	GreaterAfrican,Africans
Saba	North America	New,Caribbean
Saba Dutch	North America	New,Caribbean
Saint Barthélemy	North America	New,Caribbean
Barthélemois	North America	New,Caribbean
Barthélemois/Barthélemoises	North America	New,Caribbean
Saint Helena	Other	New, Other
Saint Helenian	Other	New, Other
Saint Kitts and Nevis	North America	New,Caribbean
Kittitian	North America	New,Caribbean
Nevisian	North America	New,Caribbean
Saint Lucia	North America	New,Caribbean
Saint Lucian	North America	New,Caribbean
Saint Martin	North America	New,Caribbean
Saint-Martinoise	North America	New,Caribbean
Saint-Martinois/Saint-Martinoises	North America	New,Caribbean
Saint Pierre and Miquelon	North America	New,Caribbean
Saint-Pierrais	North America	New,Caribbean
Miquelonnais	North America	New,Caribbean
Saint-Pierraises	North America	New,Caribbean
Miquelonnaises	North America	New,Caribbean
Saint Vincent and the Grenadines	North America	New,Caribbean
Saint Vincentian	North America	New,Caribbean
Vincentian	North America	New,Caribbean
Samoa	Pacific	New,Pacific
Samoan	Pacific	New,Pacific
San Marino	Europe	GreaterEuropean,WestEuropean,Italian
Sammarinese	Europe	GreaterEuropean,WestEuropean,Italian
São Tomé and Príncipe	Africa	GreaterAfrican,Africans
São Toméan	Africa	GreaterAfrican,Africans
Saudi Arabia	Muslim	GreaterAfrican,Muslim
Saudi	Muslim	GreaterAfrican,Muslim
Saudi Arabian	Muslim	GreaterAfrican,Muslim
Scotland	Europe	GreaterEuropean,British
Scottish	Europe	GreaterEuropean,British
Senegal	Africa	GreaterAfrican,Africans
Senegalese	Africa	GreaterAfrican,Africans
Serbia	Europe	GreaterEuropean,EastEuropean
Serbian	Europe	GreaterEuropean,EastEuropean
Seychelles	Africa	GreaterAfrican,Africans
Seychellois	Africa	GreaterAfrican,Africans
Seychellois/Seychelloises	Africa	GreaterAfrican,Africans
Sierra Leone	Africa	GreaterAfrican,Africans
Sierra Leonean	Africa	GreaterAfrican,Africans
Singapore	Asia	Asian,GreaterEastAsian,EastAsian
Singaporean	Asia	Asian,GreaterEastAsian,EastAsian
Sint Eustatius	North America	New,Caribbean
Statian	North America	New,Caribbean
Sint Maarten	North America	New,Caribbean
Sint Maartener	North America	New,Caribbean
Slovakia	Europe	GreaterEuropean,EastEuropean
Slovak	Europe	GreaterEuropean,EastEuropean
Slovakian	Europe	GreaterEuropean,EastEuropean
Slovenia	Europe	GreaterEuropean,EastEuropean
Slovenian	Europe	GreaterEuropean,EastEuropean
Slovene	Europe	GreaterEuropean,EastEuropean
Solomon Islands	Pacific	New,Pacific
Solomon Island	Pacific	New,Pacific
Solomon Islander	Pacific	New,Pacific
Somalia	Africa	GreaterAfrican,Africans
Somali	Africa	GreaterAfrican,Africans
Somaliland	Africa	GreaterAfrican,Africans
Somalilander	Africa	GreaterAfrican,Africans
South Africa	Africa	GreaterAfrican,Africans
South Africa	Africa	GreaterAfrican,Africans
South Georgia and the South Sandwich Islands	Other	New, Other
South Georgia Island	Other	New, Other
South Sandwich Island	Other	New, Other
South Ossetia	Europe	GreaterEuropean,EastEuropean
South Ossetian	Europe	GreaterEuropean,EastEuropean
South Sudan	Muslim	GreaterAfrican,Muslim
South Sudanese	Muslim	GreaterAfrican,Muslim
Spain	Europe	GreaterEuropean,WestEuropean,Hispanic
Spanish	Europe	GreaterEuropean,WestEuropean,Hispanic
Spaniard	Europe	GreaterEuropean,WestEuropean,Hispanic
Sri Lanka	Asia	Asian,IndianSubContinent
Sri Lankan	Asia	Asian,IndianSubContinent
Sudan	Muslim	GreaterAfrican,Muslim
Sudanese	Muslim	GreaterAfrican,Muslim
Suriname	Hispanic	GreaterEuropean,WestEuropean,Hispanic
Surinamese	Hispanic	GreaterEuropean,WestEuropean,Hispanic
Surinamer	Hispanic	GreaterEuropean,WestEuropean,Hispanic
Svalbard	Europe	GreaterEuropean,WestEuropean,Nordic
Svalbard resident	Europe	GreaterEuropean,WestEuropean,Nordic
Swaziland	Africa	GreaterAfrican,Africans
Swazi	Africa	GreaterAfrican,Africans
Swati	Africa	GreaterAfrican,Africans
Swazis	Africa	GreaterAfrican,Africans
Sweden	Europe	GreaterEuropean,WestEuropean,Nordic
Swedish	Europe	GreaterEuropean,WestEuropean,Nordic
Switzerland	Europe	GreaterEuropean,WestEuropean,French
Swiss	Europe	GreaterEuropean,WestEuropean,French
Syria	Muslim	GreaterAfrican,Muslim
Syrian	Muslim	GreaterAfrican,Muslim
Tajikistan	Muslim	GreaterAfrican,Muslim
Tajikistani	Muslim	GreaterAfrican,Muslim
Tajiks	Muslim	GreaterAfrican,Muslim
Tanzania	Africa	GreaterAfrican,Africans
Tanzanian	Africa	GreaterAfrican,Africans
Thailand	Asia	Asian,GreaterEastAsian,EastAsian
Thai	Asia	Asian,GreaterEastAsian,EastAsian
Timor-Leste	Asia	Asian,GreaterEastAsian,EastAsian
Timorese	Asia	Asian,GreaterEastAsian,EastAsian
Togo	Africa	GreaterAfrican,Africans
Togolese	Africa	GreaterAfrican,Africans
Tokelau	Pacific	New,Pacific
Tokelauan	Pacific	New,Pacific
Tokelauans	Pacific	New,Pacific
Tonga	Pacific	New,Pacific
Tongan	Pacific	New,Pacific
Trinidad and Tobago	Hispanic	GreaterEuropean,WestEuropean,Hispanic
Trinidadian	Hispanic	GreaterEuropean,WestEuropean,Hispanic
Tobagonian	Hispanic	GreaterEuropean,WestEuropean,Hispanic
Tunisia	Muslim	GreaterAfrican,Muslim
Tunisian	Muslim	GreaterAfrican,Muslim
Turkey	Muslim	GreaterAfrican,Muslim
Turkish	Muslim	GreaterAfrican,Muslim
Turkmenistan	Muslim	GreaterAfrican,Muslim
Turkmen	Muslim	GreaterAfrican,Muslim
Turks and Caicos Islands	North America	New,Caribbean
Turks and Caicos Island	North America	New,Caribbean
Turks and Caicos Islander	North America	New,Caribbean
Tuvalu	Pacific	New,Pacific
Tuvaluan	Pacific	New,Pacific
Uganda	Africa	GreaterAfrican,Africans
Ugandan	Africa	GreaterAfrican,Africans
Ukraine	Europe	GreaterEuropean,EastEuropean
Ukrainian	Europe	GreaterEuropean,EastEuropean
United Arab Emirates	Muslim	GreaterAfrican,Muslim
Emirati	Muslim	GreaterAfrican,Muslim
Emirian	Muslim	GreaterAfrican,Muslim
Emiri	Muslim	GreaterAfrican,Muslim
Great Britain	Europe	GreaterEuropean,British
United Kingdom	Europe	GreaterEuropean,British
British	Europe	GreaterEuropean,British
UK	Europe	GreaterEuropean,British
U.K.	Europe	GreaterEuropean,British
United States of America	North American	GreaterEuropean,British
United States	North American	GreaterEuropean,British
U.S.	North American	GreaterEuropean,British
American	North American	GreaterEuropean,British
Uruguay	Hispanic	GreaterEuropean,WestEuropean,Hispanic
Uruguayan	Hispanic	GreaterEuropean,WestEuropean,Hispanic
Uzbekistan	Muslim	GreaterAfrican,Muslim
Uzbekistani	Muslim	GreaterAfrican,Muslim
Uzbek	Muslim	GreaterAfrican,Muslim
Vanuatu	Pacific	New,Pacific
Vanuatuan	Pacific	New,Pacific
Ni-Vanuatu	Pacific	New,Pacific
Vatican City State	Europe	GreaterEuropean,WestEuropean,Italian
Vatican	Europe	GreaterEuropean,WestEuropean,Italian
Vatican citizen	Europe	GreaterEuropean,WestEuropean,Italian
Venezuela	Hispanic	GreaterEuropean,WestEuropean,Hispanic
Venezuelan	Hispanic	GreaterEuropean,WestEuropean,Hispanic
Venezuela	Hispanic	GreaterEuropean,WestEuropean,Hispanic
Vietnam	Asia	Asian,GreaterEastAsian,EastAsian
Vietnamese	Asia	Asian,GreaterEastAsian,EastAsian
British Virgin Islands	North America	GreaterEuropean,British
British Virgin Island	North America	GreaterEuropean,British
British Virgin Islanders	North America	GreaterEuropean,British
Virgin Islands	North America	GreaterEuropean,British
U.S. Virgin Island	North America	GreaterEuropean,British
U.S. Virgin Islanders	North America	GreaterEuropean,British
Wales	Europe	GreaterEuropean,British
Welsh	Europe	GreaterEuropean,British
Wallis and Futuna	Pacific	New,Pacific
Wallisian	Pacific	New,Pacific
Futunan	Pacific	New,Pacific
Western Sahara	Africa	GreaterAfrican,Africans
Sahrawi	Africa	GreaterAfrican,Africans
Sahrawian	Africa	GreaterAfrican,Africans
Sahraouian	Africa	GreaterAfrican,Africans
Yemen	Muslim	GreaterAfrican,Muslim
Yemeni	Muslim	GreaterAfrican,Muslim
Zambia	Africa	GreaterAfrican,Africans
Zambian	Africa	GreaterAfrican,Africans
Zimbabwe	Africa	GreaterAfrican,Africans
Zimbabwean	Africa	GreaterAfrican,Africans
